ID,prediction
28800.0,-0.3808951
28801.0,-0.12528233
28802.0,-0.09044177
